Workbook

Sheet عروض الأسعار
A1: # | B1: الفندق | C1: التصنيف | D1: المنطقة | E1: المدة (أيام) | F1: عدد الليالي | G1: السعر 1 | H1: السعر 2 | I1: الفرق | J1: سعر الليلة (سعر 1) | K1: سعر الليلة (سعر 2)
A2: 7 | B2: Taksim Express Hotel | C2: 4* | D2: Taksim | E2: 4 | F2: =E2-1 -> 3 | G2: 345 | H2: 415 | I2: =H2-G2 -> 70 | J2: =G2/F2 -> 115 | K2: =H2/F2 -> 138.33333
E3: 5 | F3: =E3-1 -> 4 | G3: 370 | H3: 465 | I3: =H3-G3 -> 95 | J3: =G3/F3 -> 92.5 | K3: =H3/F3 -> 116.25
E4: 8 | F4: =E4-1 -> 7 | G4: 440 | H4: 605 | I4: =H4-G4 -> 165 | J4: =G4/F4 -> 62.857143 | K4: =H4/F4 -> 86.428571
A5: 8 | B5: Four Sides Hotel | C5: 4* | D5: Taksim | E5: 4 | F5: =E5-1 -> 3 | G5: 350 | H5: 430 | I5: =H5-G5 -> 80 | J5: =G5/F5 -> 116.66667 | K5: =H5/F5 -> 143.33333
E6: 5 | F6: =E6-1 -> 4 | G6: 375 | H6: 480 | I6: =H6-G6 -> 105 | J6: =G6/F6 -> 93.75 | K6: =H6/F6 -> 120
E7: 8 | F7: =E7-1 -> 7 | G7: 455 | H7: 635 | I7: =H7-G7 -> 180 | J7: =G7/F7 -> 65 | K7: =H7/F7 -> 90.714286
A8: 9 | B8: Konak Hotel | C8: 4* | D8: Taksim | E8: 4 | F8: =E8-1 -> 3 | G8: 360 | H8: 450 | I8: =H8-G8 -> 90 | J8: =G8/F8 -> 120 | K8: =H8/F8 -> 150
E9: 5 | F9: =E9-1 -> 4 | G9: 380 | H9: 505 | I9: =H9-G9 -> 125 | J9: =G9/F9 -> 95 | K9: =H9/F9 -> 126.25
E10: 8 | F10: =E10-1 -> 7 | G10: 415 | H10: 680 | I10: =H10-G10 -> 265 | J10: =G10/F10 -> 59.285714 | K10: =H10/F10 -> 97.142857
A11: 10 | B11: Cher Hotel | C11: 5* | D11: Beyoglu | E11: 4 | F11: =E11-1 -> 3 | G11: 370 | H11: 455 | I11: =H11-G11 -> 85 | J11: =G11/F11 -> 123.33333 | K11: =H11/F11 -> 151.66667
E12: 5 | F12: =E12-1 -> 4 | G12: 399 | H12: 510 | I12: =H12-G12 -> 111 | J12: =G12/F12 -> 99.75 | K12: =H12/F12 -> 127.5
E13: 8 | F13: =E13-1 -> 7 | G13: 495 | H13: 690 | I13: =H13-G13 -> 195 | J13: =G13/F13 -> 70.714286 | K13: =H13/F13 -> 98.571429
A14: 11 | B14: Golden Age Hotel | C14: 4* | D14: Taksim | E14: 4 | F14: =E14-1 -> 3 | G14: 375 | H14: 475 | I14: =H14-G14 -> 100 | J14: =G14/F14 -> 125 | K14: =H14/F14 -> 158.33333
E15: 5 | F15: =E15-1 -> 4 | G15: 410 | H15: 545 | I15: =H15-G15 -> 135 | J15: =G15/F15 -> 102.5 | K15: =H15/F15 -> 136.25
E16: 8 | F16: =E16-1 -> 7 | G16: 510 | H16: 750 | I16: =H16-G16 -> 240 | J16: =G16/F16 -> 72.857143 | K16: =H16/F16 -> 107.14286
A17: 12 | B17: Point Hotel | C17: 5* | D17: Taksim | E17: 4 | F17: =E17-1 -> 3 | G17: 425 | H17: 570 | I17: =H17-G17 -> 145 | J17: =G17/F17 -> 141.66667 | K17: =H17/F17 -> 190
E18: 5 | F18: =E18-1 -> 4 | G18: 470 | H18: 670 | I18: =H18-G18 -> 200 | J18: =G18/F18 -> 117.5 | K18: =H18/F18 -> 167.5
E19: 8 | F19: =E19-1 -> 7 | G19: 620 | H19: 970 | I19: =H19-G19 -> 350 | J19: =G19/F19 -> 88.571429 | K19: =H19/F19 -> 138.57143
A21: ملاحظات:
A22: • البيانات مفرّغة من صورة ورقة مكتوبة بخط اليد (الفنادق 7 إلى 12).
A23: • عناوين عمودي السعر غير مكتوبة في الورقة (غالباً: السعر للشخص في غرفة مزدوجة / غرفة مفردة) - عدّل العنوان حسب الصحيح.
A24: • الخلايا المظللة بالأصفر قراءتها غير مؤكدة. عدد الليالي مفترض = عدد الأيام - 1.
A25: • الأرقام بالأزرق مدخلات، والأعمدة السوداء محسوبة بمعادلات.

Sheet مقارنة
A1: الفندق | B1: 4 أيام - سعر 1 | C1: 4 أيام - سعر 2 | D1: 5 أيام - سعر 1 | E1: 5 أيام - سعر 2 | F1: 8 أيام - سعر 1 | G1: 8 أيام - سعر 2
A2: Taksim Express Hotel (4*) | B2: ='عروض الأسعار'!G2 -> 345 | C2: ='عروض الأسعار'!H2 -> 415 | D2: ='عروض الأسعار'!G3 -> 370 | E2: ='عروض الأسعار'!H3 -> 465 | F2: ='عروض الأسعار'!G4 -> 440 | G2: ='عروض الأسعار'!H4 -> 605
A3: Four Sides Hotel (4*) | B3: ='عروض الأسعار'!G5 -> 350 | C3: ='عروض الأسعار'!H5 -> 430 | D3: ='عروض الأسعار'!G6 -> 375 | E3: ='عروض الأسعار'!H6 -> 480 | F3: ='عروض الأسعار'!G7 -> 455 | G3: ='عروض الأسعار'!H7 -> 635
A4: Konak Hotel (4*) | B4: ='عروض الأسعار'!G8 -> 360 | C4: ='عروض الأسعار'!H8 -> 450 | D4: ='عروض الأسعار'!G9 -> 380 | E4: ='عروض الأسعار'!H9 -> 505 | F4: ='عروض الأسعار'!G10 -> 415 | G4: ='عروض الأسعار'!H10 -> 680
A5: Cher Hotel (5*) | B5: ='عروض الأسعار'!G11 -> 370 | C5: ='عروض الأسعار'!H11 -> 455 | D5: ='عروض الأسعار'!G12 -> 399 | E5: ='عروض الأسعار'!H12 -> 510 | F5: ='عروض الأسعار'!G13 -> 495 | G5: ='عروض الأسعار'!H13 -> 690
A6: Golden Age Hotel (4*) | B6: ='عروض الأسعار'!G14 -> 375 | C6: ='عروض الأسعار'!H14 -> 475 | D6: ='عروض الأسعار'!G15 -> 410 | E6: ='عروض الأسعار'!H15 -> 545 | F6: ='عروض الأسعار'!G16 -> 510 | G6: ='عروض الأسعار'!H16 -> 750
A7: Point Hotel (5*) | B7: ='عروض الأسعار'!G17 -> 425 | C7: ='عروض الأسعار'!H17 -> 570 | D7: ='عروض الأسعار'!G18 -> 470 | E7: ='عروض الأسعار'!H18 -> 670 | F7: ='عروض الأسعار'!G19 -> 620 | G7: ='عروض الأسعار'!H19 -> 970
A8: الأرخص | B8: =MIN(B2:B7) -> 345 | C8: =MIN(C2:C7) -> 415 | D8: =MIN(D2:D7) -> 370 | E8: =MIN(E2:E7) -> 465 | F8: =MIN(F2:F7) -> 415 | G8: =MIN(G2:G7) -> 605
A9: الفندق الأرخص | B9: =INDEX($A$2:$A$7,MATCH(B8,B2:B7,0)) -> Taksim Express Hotel (4*) | C9: =INDEX($A$2:$A$7,MATCH(C8,C2:C7,0)) -> Taksim Express Hotel (4*) | D9: =INDEX($A$2:$A$7,MATCH(D8,D2:D7,0)) -> Taksim Express Hotel (4*) | E9: =INDEX($A$2:$A$7,MATCH(E8,E2:E7,0)) -> Taksim Express Hotel (4*) | F9: =INDEX($A$2:$A$7,MATCH(F8,F2:F7,0)) -> Konak Hotel (4*) | G9: =INDEX($A$2:$A$7,MATCH(G8,G2:G7,0)) -> Taksim Express Hotel (4*)
